year,region,residential_thousand_sqm,residential_sqm,national_total_sqm,regional_share_pct,annual_growth_pct,regional_growth_2021_2025_pct,cagr_2021_2025_pct,regional_share_change_pp,index_2021,hhi,population_thousand,population,residential_sqm_per_1000_residents
2021,Batken Region,63.4,63400.0,1313200.0,4.827901309777642,,12.302839116719255,2.943204675760258,-0.9155984359933687,100.0,0.1576994307617983,549.0,549000.0,115.48269581056466
2021,Bishkek City,348.6,348600.0,1313200.0,26.545842217484005,,76.9936890418818,15.342522571711337,7.35711948370837,100.0,0.1576994307617983,1088.3,1088300.0,320.3160893136084
2021,Chui Region,168.3,168300.0,1313200.0,12.816021931160524,,28.22341057635176,6.412300230376822,-0.9582275468536938,100.0,0.1576994307617983,1038.7,1038700.0,162.02945990180032
2021,Issyk Kul Region,85.8,85800.0,1313200.0,6.5336582394151685,,0.5827505827505908,0.1453703502903858,-1.7916394471738366,100.0,0.1576994307617983,527.7,527700.0,162.5923820352473
2021,Jalal Abad Region,186.1,186100.0,1313200.0,14.171489491318914,,67.54433100483612,13.771225045587032,2.961320003708286,100.0,0.1576994307617983,1266.3,1266300.0,146.96359472478875
2021,Naryn Region,43.1,43100.0,1313200.0,3.2820590922936344,,-16.009280742459396,-4.26784725121726,-1.2929388109594953,100.0,0.1576994307617983,303.4,303400.0,142.05669083717865
2021,Osh City,116.8,116800.0,1313200.0,8.894303990252817,,66.43835616438356,13.583005019775761,1.7876016089559297,100.0,0.1576994307617983,337.8,337800.0,345.76672587329784
2021,Osh Region,237.9,237900.0,1313200.0,18.116052391105697,,-13.240857503152581,-3.488556185734537,-6.774769903056903,100.0,0.1576994307617983,1410.8,1410800.0,168.62772894811454
2021,Talas Region,63.2,63200.0,1313200.0,4.812671337191593,,27.848101265822777,6.3343475417728,-0.3728669523352819,100.0,0.1576994307617983,267.6,267600.0,236.17339312406577
2022,Batken Region,76.5,76500.0,1462600.0,5.230411595788322,20.66246056782335,12.302839116719255,2.943204675760258,-0.9155984359933687,120.66246056782335,0.16099866288254577,559.5,559500.0,136.72922252010724
2022,Bishkek City,379.9,379900.0,1462600.0,25.974292356078216,8.978772231784271,76.9936890418818,15.342522571711337,7.35711948370837,108.97877223178428,0.16099866288254577,1113.8,1113800.0,341.084575327707
2022,Chui Region,221.3,221300.0,1462600.0,15.130589361411188,31.4913844325609,28.22341057635176,6.412300230376822,-0.9582275468536938,131.4913844325609,0.16099866288254577,1054.5,1054500.0,209.86249407302037
2022,Issyk Kul Region,89.2,89200.0,1462600.0,6.098728292082592,3.962703962703973,0.5827505827505908,0.1453703502903858,-1.7916394471738366,103.96270396270397,0.16099866288254577,533.8,533800.0,167.10378418883477
2022,Jalal Abad Region,211.3,211300.0,1462600.0,14.44687542732121,13.541106931757119,67.54433100483612,13.771225045587032,2.961320003708286,113.54110693175711,0.16099866288254577,1288.4,1288400.0,164.00186277553556
2022,Naryn Region,40.1,40100.0,1462600.0,2.7416928757008066,-6.960556844547561,-16.009280742459396,-4.26784725121726,-1.2929388109594953,93.03944315545245,0.16099866288254577,306.5,306500.0,130.83197389885805
2022,Osh City,98.6,98600.0,1462600.0,6.741419390127171,-15.582191780821919,66.43835616438356,13.583005019775761,1.7876016089559297,84.41780821917808,0.16099866288254577,350.6,350600.0,281.2321734169994
2022,Osh Region,276.7,276700.0,1462600.0,18.91836455626966,16.309373686422866,-13.240857503152581,-3.488556185734537,-6.774769903056903,116.30937368642287,0.16099866288254577,1435.5,1435500.0,192.7551375827238
2022,Talas Region,69.0,69000.0,1462600.0,4.717626145220839,9.177215189873422,27.848101265822777,6.3343475417728,-0.3728669523352819,109.17721518987342,0.16099866288254577,270.3,270300.0,255.27192008879024
2023,Batken Region,117.3,117300.0,1598900.0,7.33629370192007,53.33333333333332,12.302839116719255,2.943204675760258,-0.9155984359933687,185.01577287066246,0.1842819920432742,570.9,570900.0,205.46505517603782
2023,Bishkek City,513.7,513700.00000000006,1598900.0,32.12833823253487,35.21979468281129,76.9936890418818,15.342522571711337,7.35711948370837,147.36087205966723,0.1842819920432742,1145.0,1145000.0,448.64628820960706
2023,Chui Region,218.2,218200.0,1598900.0,13.64688223153418,-1.4008133755083696,28.22341057635176,6.412300230376822,-0.9582275468536938,129.64943553178844,0.1842819920432742,1068.7,1068700.0,204.17329465705996
2023,Issyk Kul Region,63.9,63900.0,1598900.0,3.996497592094565,-28.36322869955157,0.5827505827505908,0.1453703502903858,-1.7916394471738366,74.47552447552448,0.1842819920432742,538.4,538400.0,118.6849925705795
2023,Jalal Abad Region,267.7,267700.0,1598900.0,16.742760647945463,26.691907240889723,67.54433100483612,13.771225045587032,2.961320003708286,143.84739387426114,0.1842819920432742,1311.0,1311000.0,204.1952707856598
2023,Naryn Region,29.4,29400.0,1598900.0,1.838764150353368,-26.683291770573568,-16.009280742459396,-4.26784725121726,-1.2929388109594953,68.21345707656612,0.1842819920432742,308.4,308400.0,95.33073929961088
2023,Osh City,88.0,88000.0,1598900.0,5.503783851397836,-10.75050709939147,66.43835616438356,13.583005019775761,1.7876016089559297,75.34246575342466,0.1842819920432742,361.3,361300.0,243.5649045114863
2023,Osh Region,240.6,240600.0,1598900.0,15.047845393708176,-13.04662088904951,-13.240857503152581,-3.488556185734537,-6.774769903056903,101.13493064312735,0.1842819920432742,1460.4,1460400.0,164.74938373048482
2023,Talas Region,60.1,60100.0,1598900.0,3.7588341985114764,-12.89855072463768,27.848101265822777,6.3343475417728,-0.3728669523352819,95.09493670886076,0.1842819920432742,273.5,273500.0,219.7440585009141
2024,Batken Region,68.9,68900.0,1573400.0,4.37905173509597,-41.2617220801364,12.302839116719255,2.943204675760258,-0.9155984359933687,108.67507886435332,0.19190554504159807,583.4,583400.0,118.10078848131641
2024,Bishkek City,539.1,539100.0,1573400.0,34.26337867039532,4.944520147946263,76.9936890418818,15.342522571711337,7.35711948370837,154.64716006884683,0.19190554504159807,1294.8,1294800.0,416.3577386468953
2024,Chui Region,151.1,151100.0,1573400.0,9.603406635312064,-30.75160403299725,28.22341057635176,6.412300230376822,-0.9582275468536938,89.78015448603684,0.19190554504159807,957.6,957600.0,157.7903091060986
2024,Issyk Kul Region,82.9,82900.0,1573400.0,5.268844540485572,29.73395931142411,0.5827505827505908,0.1453703502903858,-1.7916394471738366,96.62004662004662,0.19190554504159807,544.4,544400.0,152.27773695811902
2024,Jalal Abad Region,299.9,299900.0,1573400.0,19.060633024024405,12.028389988793432,67.54433100483612,13.771225045587032,2.961320003708286,161.149919398173,0.19190554504159807,1335.8,1335800.0,224.50965713430153
2024,Naryn Region,32.0,32000.0,1573400.0,2.033812126604805,8.843537414965997,-16.009280742459396,-4.26784725121726,-1.2929388109594953,74.24593967517401,0.19190554504159807,312.1,312100.0,102.5312399871836
2024,Osh City,125.0,125000.0,1573400.0,7.944578619550019,42.04545454545454,66.43835616438356,13.583005019775761,1.7876016089559297,107.02054794520548,0.19190554504159807,463.1,463100.0,269.9201036493198
2024,Osh Region,190.8,190800.0,1573400.0,12.12660480488115,-20.698254364089774,-13.240857503152581,-3.488556185734537,-6.774769903056903,80.2017654476671,0.19190554504159807,1393.6,1393600.0,136.91159586681974
2024,Talas Region,83.7,83700.0,1573400.0,5.319689843650693,39.26788685524127,27.848101265822777,6.3343475417728,-0.3728669523352819,132.4367088607595,0.19190554504159807,277.1,277100.0,302.05701912666905
2025,Batken Region,71.2,71200.0,1819900.0,3.9123028737842738,3.338171262699552,12.302839116719255,2.943204675760258,-0.9155984359933687,112.30283911671926,0.18877403751416338,594.7,594700.0,119.72423070455692
2025,Bishkek City,617.0,617000.0,1819900.0,33.902961701192375,14.450009274717113,76.9936890418818,15.342522571711337,7.35711948370837,176.9936890418818,0.18877403751416338,1321.9,1321900.0,466.752401845828
2025,Chui Region,215.8,215800.0,1819900.0,11.85779438430683,42.819324950364,28.22341057635176,6.412300230376822,-0.9582275468536938,128.22341057635177,0.18877403751416338,971.3,971300.0,222.17646453207044
2025,Issyk Kul Region,86.3,86300.0,1819900.0,4.742018792241332,4.101326899879365,0.5827505827505908,0.1453703502903858,-1.7916394471738366,100.58275058275059,0.18877403751416338,549.8,549800.0,156.9661695161877
2025,Jalal Abad Region,311.8,311800.0,1819900.0,17.1328094950272,3.9679893297766,67.54433100483612,13.771225045587032,2.961320003708286,167.54433100483612,0.18877403751416338,1358.5,1358500.0,229.51785057048215
2025,Naryn Region,36.2,36200.0,1819900.0,1.989120281334139,13.125000000000009,-16.009280742459396,-4.26784725121726,-1.2929388109594953,83.9907192575406,0.18877403751416338,314.9,314900.0,114.95712924738012
2025,Osh City,194.4,194400.0,1819900.0,10.681905599208747,55.52000000000001,66.43835616438356,13.583005019775761,1.7876016089559297,166.43835616438355,0.18877403751416338,473.5,473500.0,410.55966209081305
2025,Osh Region,206.4,206400.0,1819900.0,11.341282488048794,8.176100628930815,-13.240857503152581,-3.488556185734537,-6.774769903056903,86.75914249684742,0.18877403751416338,1416.7,1416700.0,145.6906896308322
2025,Talas Region,80.8,80800.0,1819900.0,4.439804384856311,-3.4647550776583103,27.848101265822777,6.3343475417728,-0.3728669523352819,127.84810126582278,0.18877403751416338,280.5,280500.0,288.0570409982175
